-- phpMyAdmin SQL Dump
-- version 5.2.1
-- https://www.phpmyadmin.net/
--
-- Servidor: 127.0.0.1
-- Tiempo de generación: 04-12-2023 a las 20:32:32
-- Versión del servidor: 10.4.28-MariaDB
-- Versión de PHP: 8.2.4

SET SQL_MODE = "NO_AUTO_VALUE_ON_ZERO";
START TRANSACTION;
SET time_zone = "+00:00";


/*!40101 SET @OLD_CHARACTER_SET_CLIENT=@@CHARACTER_SET_CLIENT */;
/*!40101 SET @OLD_CHARACTER_SET_RESULTS=@@CHARACTER_SET_RESULTS */;
/*!40101 SET @OLD_COLLATION_CONNECTION=@@COLLATION_CONNECTION */;
/*!40101 SET NAMES utf8mb4 */;

--
-- Base de datos: `clinicabd`
--

-- --------------------------------------------------------

--
-- Estructura de tabla para la tabla `citas`
--

CREATE TABLE `citas` (
  `id` int(11) NOT NULL,
  `fecha` date NOT NULL,
  `hora` time NOT NULL,
  `id_doctor` int(11) NOT NULL,
  `id_especialidad` int(11) NOT NULL,
  `nombre_paciente` varchar(250) NOT NULL,
  `fecha_registro` timestamp NOT NULL DEFAULT current_timestamp()
) ENGINE=InnoDB DEFAULT CHARSET=utf8mb4 COLLATE=utf8mb4_general_ci;

--
-- Volcado de datos para la tabla `citas`
--

INSERT INTO `citas` (`id`, `fecha`, `hora`, `id_doctor`, `id_especialidad`, `nombre_paciente`, `fecha_registro`) VALUES
(16, '2023-12-19', '22:13:00', 9, 6, 'Alba Saraí Cruz ', '2023-11-28 04:08:34'),
(19, '2023-12-11', '11:30:00', 6, 6, 'Jose Napoleon Romero', '2023-11-29 07:02:31');

-- --------------------------------------------------------

--
-- Estructura de tabla para la tabla `doctor`
--

CREATE TABLE `doctor` (
  `id` int(11) NOT NULL,
  `cedula` int(50) NOT NULL,
  `nombres` varchar(50) NOT NULL,
  `id_especialidad` int(11) NOT NULL,
  `sexo` varchar(50) NOT NULL,
  `telefono` varchar(50) NOT NULL,
  `fecha` date NOT NULL,
  `correo` varchar(50) NOT NULL DEFAULT current_timestamp(),
  `fecha_registro` timestamp NOT NULL DEFAULT current_timestamp()
) ENGINE=InnoDB DEFAULT CHARSET=utf8mb4 COLLATE=utf8mb4_general_ci;

--
-- Volcado de datos para la tabla `doctor`
--

INSERT INTO `doctor` (`id`, `cedula`, `nombres`, `id_especialidad`, `sexo`, `telefono`, `fecha`, `correo`, `fecha_registro`) VALUES
(6, 101, 'Mario Araujo', 8, 'Masculino', '99111656701', '2022-09-05', 'marito@gmail.com', '2022-09-05 15:56:14'),
(9, 57, 'Adriel Romero', 8, 'Masculino', '99111656701', '2023-08-19', 'adriel@hotmail.com', '2023-08-19 14:58:13'),
(11, 11, 'napo', 6, 'Masculino', '1234567', '2016-03-07', 'napo@gmail.com', '2023-11-07 16:23:10');

-- --------------------------------------------------------

--
-- Estructura de tabla para la tabla `especialidades`
--

CREATE TABLE `especialidades` (
  `id` int(11) NOT NULL,
  `nombre` varchar(100) NOT NULL,
  `fecha` timestamp NOT NULL DEFAULT current_timestamp()
) ENGINE=InnoDB DEFAULT CHARSET=utf8mb4 COLLATE=utf8mb4_general_ci;

--
-- Volcado de datos para la tabla `especialidades`
--

INSERT INTO `especialidades` (`id`, `nombre`, `fecha`) VALUES
(1, 'Medicina General', '2022-08-25 01:20:04'),
(5, 'Cardiologia', '2022-08-25 01:51:36'),
(6, 'Pediatria', '2022-08-25 01:51:51'),
(7, 'Dermatologia', '2022-08-25 06:11:51'),
(8, 'Odontologia', '2022-08-25 16:46:32'),
(9, 'Fisioterapia', '2023-08-19 15:20:32'),
(10, 'Internista', '2023-11-07 18:06:05'),
(13, 'Psicología ', '2023-11-28 03:57:16');

-- --------------------------------------------------------

--
-- Estructura de tabla para la tabla `estado`
--

CREATE TABLE `estado` (
  `id` int(11) NOT NULL,
  `estado` varchar(50) NOT NULL
) ENGINE=InnoDB DEFAULT CHARSET=utf8mb4 COLLATE=utf8mb4_general_ci;

--
-- Volcado de datos para la tabla `estado`
--

INSERT INTO `estado` (`id`, `estado`) VALUES
(1, 'Atendido'),
(2, 'Pendiente');

-- --------------------------------------------------------

--
-- Estructura de tabla para la tabla `horario`
--

CREATE TABLE `horario` (
  `id` int(11) NOT NULL,
  `dias` varchar(50) NOT NULL,
  `id_doctor` int(11) NOT NULL,
  `fecha` timestamp NOT NULL DEFAULT current_timestamp()
) ENGINE=InnoDB DEFAULT CHARSET=utf8mb4 COLLATE=utf8mb4_general_ci;

--
-- Volcado de datos para la tabla `horario`
--

INSERT INTO `horario` (`id`, `dias`, `id_doctor`, `fecha`) VALUES
(1, 'Lunes, Jueves, Sabado', 6, '2022-08-25 06:02:19'),
(4, 'Domingos, Lunes, Viernes', 7, '2022-08-25 16:44:49'),
(5, 'Martes', 9, '2023-08-19 15:22:47'),
(6, 'lunes', 6, '2023-11-07 05:39:48'),
(10, 'miercoles', 6, '2023-11-28 05:30:43');

-- --------------------------------------------------------

--
-- Estructura de tabla para la tabla `pacientes`
--

CREATE TABLE `pacientes` (
  `id` int(11) NOT NULL,
  `nombre` varchar(50) NOT NULL,
  `sexo` varchar(50) NOT NULL,
  `correo` varchar(50) NOT NULL,
  `telefono` varchar(50) NOT NULL,
  `fecha` timestamp NULL DEFAULT current_timestamp(),
  `estado` varchar(50) NOT NULL
) ENGINE=InnoDB DEFAULT CHARSET=utf8mb4 COLLATE=utf8mb4_general_ci;

--
-- Volcado de datos para la tabla `pacientes`
--

INSERT INTO `pacientes` (`id`, `nombre`, `sexo`, `correo`, `telefono`, `fecha`, `estado`) VALUES
(6, 'Johan', 'Masculino', 'usuario@gmail.com', '773', '2022-08-25 14:47:15', 'Pendiente'),
(7, 'Francisco', 'Masculino', 'yomero@gmail.com', '78637832', '2022-08-25 16:48:03', 'Atendido'),
(8, 'Juan', 'Masculino', 'Usuario@gmail.com', '1654684', '2022-08-27 13:33:30', 'Pendiente'),
(9, 'Ernesto Cruz', 'Masculino', 'ernesto24@gmail.com', '99111656701', '2022-08-29 16:10:09', 'Pendiente'),
(10, 'usuario', 'Masculino', 'campos12@gmail.com', '99111656701', '2023-08-19 15:19:49', 'Pendiente');

-- --------------------------------------------------------

--
-- Estructura de tabla para la tabla `roles`
--

CREATE TABLE `roles` (
  `id` int(11) NOT NULL,
  `rol` varchar(50) NOT NULL
) ENGINE=InnoDB DEFAULT CHARSET=utf8mb4 COLLATE=utf8mb4_general_ci;

--
-- Volcado de datos para la tabla `roles`
--

INSERT INTO `roles` (`id`, `rol`) VALUES
(1, 'Administrador'),
(2, 'Empleado'),
(3, 'Paciente');

-- --------------------------------------------------------

--
-- Estructura de tabla para la tabla `user`
--

CREATE TABLE `user` (
  `id` int(11) NOT NULL,
  `nombre` varchar(50) NOT NULL,
  `correo` varchar(50) NOT NULL,
  `password` varchar(50) NOT NULL,
  `fecha` timestamp NOT NULL DEFAULT current_timestamp(),
  `rol` int(11) NOT NULL
) ENGINE=InnoDB DEFAULT CHARSET=utf8mb4 COLLATE=utf8mb4_general_ci;

--
-- Volcado de datos para la tabla `user`
--

INSERT INTO `user` (`id`, `nombre`, `correo`, `password`, `fecha`, `rol`) VALUES
(12, 'user', 'usuario@gmail.com', '12345', '2022-08-27 16:43:37', 2),
(13, 'Administrador', 'admin@citas.com', '12345', '2022-08-29 14:22:36', 1);

-- --------------------------------------------------------

--
-- Estructura de tabla para la tabla `usuariopaciente`
--

CREATE TABLE `usuariopaciente` (
  `id` int(11) NOT NULL,
  `nombre_completo` varchar(50) NOT NULL,
  `correo` varchar(50) NOT NULL,
  `telefono` int(11) NOT NULL,
  `usuario` varchar(30) NOT NULL,
  `contra` varchar(50) NOT NULL
) ENGINE=InnoDB DEFAULT CHARSET=utf8 COLLATE=utf8_spanish_ci;

--
-- Volcado de datos para la tabla `usuariopaciente`
--

INSERT INTO `usuariopaciente` (`id`, `nombre_completo`, `correo`, `telefono`, `usuario`, `contra`) VALUES
(13, 'Ana bonilla', 'bonilla@gmail.com', 60087744, 'anita', '$2y$10$CAmrxGHT7eWJbVc0.hif2OmHPv132cyIkBX4JhQt24O'),
(15, 'merary araujo', 'araujo@gmail.com', 12345678, 'mera', '$2y$10$smADKbJfuE6Mo1xGWWcETOyplc2Kwlp8H/vzAh1duTH'),
(16, 'merary araujo', 'julissa21araujo@gmail.com', 12345678, 'juli', '$2y$10$9DrDts392oqzoBgreFMSFuBm5gBB9.E6cpZMrZ5/DKX'),
(17, 'Gilmar Gonzalez', 'adrielgonza7@gmail.com', 747884, 'adriel', '$2y$10$pJHQtXCTtHDMGYZZxboBAecqQf5WPXiKHRvZB5f3jCq');

--
-- Índices para tablas volcadas
--

--
-- Indices de la tabla `citas`
--
ALTER TABLE `citas`
  ADD PRIMARY KEY (`id`);

--
-- Indices de la tabla `doctor`
--
ALTER TABLE `doctor`
  ADD PRIMARY KEY (`id`);

--
-- Indices de la tabla `especialidades`
--
ALTER TABLE `especialidades`
  ADD PRIMARY KEY (`id`);

--
-- Indices de la tabla `estado`
--
ALTER TABLE `estado`
  ADD PRIMARY KEY (`id`);

--
-- Indices de la tabla `horario`
--
ALTER TABLE `horario`
  ADD PRIMARY KEY (`id`);

--
-- Indices de la tabla `pacientes`
--
ALTER TABLE `pacientes`
  ADD PRIMARY KEY (`id`);

--
-- Indices de la tabla `roles`
--
ALTER TABLE `roles`
  ADD PRIMARY KEY (`id`);

--
-- Indices de la tabla `user`
--
ALTER TABLE `user`
  ADD PRIMARY KEY (`id`),
  ADD UNIQUE KEY `correo` (`correo`),
  ADD KEY `permisos` (`rol`);

--
-- Indices de la tabla `usuariopaciente`
--
ALTER TABLE `usuariopaciente`
  ADD PRIMARY KEY (`id`);

--
-- AUTO_INCREMENT de las tablas volcadas
--

--
-- AUTO_INCREMENT de la tabla `citas`
--
ALTER TABLE `citas`
  MODIFY `id` int(11) NOT NULL AUTO_INCREMENT, AUTO_INCREMENT=20;

--
-- AUTO_INCREMENT de la tabla `doctor`
--
ALTER TABLE `doctor`
  MODIFY `id` int(11) NOT NULL AUTO_INCREMENT, AUTO_INCREMENT=16;

--
-- AUTO_INCREMENT de la tabla `especialidades`
--
ALTER TABLE `especialidades`
  MODIFY `id` int(11) NOT NULL AUTO_INCREMENT, AUTO_INCREMENT=14;

--
-- AUTO_INCREMENT de la tabla `estado`
--
ALTER TABLE `estado`
  MODIFY `id` int(11) NOT NULL AUTO_INCREMENT, AUTO_INCREMENT=3;

--
-- AUTO_INCREMENT de la tabla `horario`
--
ALTER TABLE `horario`
  MODIFY `id` int(11) NOT NULL AUTO_INCREMENT, AUTO_INCREMENT=11;

--
-- AUTO_INCREMENT de la tabla `pacientes`
--
ALTER TABLE `pacientes`
  MODIFY `id` int(11) NOT NULL AUTO_INCREMENT, AUTO_INCREMENT=11;

--
-- AUTO_INCREMENT de la tabla `roles`
--
ALTER TABLE `roles`
  MODIFY `id` int(11) NOT NULL AUTO_INCREMENT, AUTO_INCREMENT=4;

--
-- AUTO_INCREMENT de la tabla `user`
--
ALTER TABLE `user`
  MODIFY `id` int(11) NOT NULL AUTO_INCREMENT, AUTO_INCREMENT=14;

--
-- AUTO_INCREMENT de la tabla `usuariopaciente`
--
ALTER TABLE `usuariopaciente`
  MODIFY `id` int(11) NOT NULL AUTO_INCREMENT, AUTO_INCREMENT=18;

--
-- Restricciones para tablas volcadas
--

--
-- Filtros para la tabla `user`
--
ALTER TABLE `user`
  ADD CONSTRAINT `permisos` FOREIGN KEY (`rol`) REFERENCES `roles` (`id`);
COMMIT;

/*!40101 SET CHARACTER_SET_CLIENT=@OLD_CHARACTER_SET_CLIENT */;
/*!40101 SET CHARACTER_SET_RESULTS=@OLD_CHARACTER_SET_RESULTS */;
/*!40101 SET COLLATION_CONNECTION=@OLD_COLLATION_CONNECTION */;
